"replication","mean_loop","slope_loop","mean_boot","slope_boot"
1,0.107647875158461,-2.03536044671208,0.0408439712156453,-2.0141420068869
2,0.0770775989064755,-2.05750794914003,0.0516899946615424,-2.05303629611315
3,0.0498713610003834,-2.06144459455242,0.0454902627442487,-2.05704003914034
4,0.0700121958643954,-2.04400820888034,0.0586247829647026,-2.09146768641357
5,0.0126900619574191,-2.0490080340881,0.0925569204749365,-2.080259440362
6,-0.030559742944371,-2.02272406624544,-0.00215688462324136,-2.02347834023594
7,0.0861440949227023,-2.04433453896976,0.0575116342605504,-2.03682539771664
8,0.0523287208975374,-2.01418753616678,0.143977157404287,-2.01458752697775
9,0.0063533496435275,-2.10330116365826,0.0693432200309543,-2.04216937131579
10,0.0440739609991976,-2.08422477760535,0.0660184228678356,-2.12188379152377
11,0.0522435373685243,-2.06347905227221,0.106545526324994,-2.06143399133359
12,0.047291656331528,-2.04248851440772,-0.0262165684847714,-2.03987693367774
13,0.0473126198564955,-2.01708706203699,-0.00945876098681078,-1.98068700044589
14,0.079188712000036,-2.01007503217641,-0.00553864957317553,-2.00747357782495
15,-0.0680515590836406,-2.08752441859788,0.107666943036053,-2.03958700658413
16,0.0833100527394751,-2.04917195406174,0.135560370731641,-2.05432215985102
17,0.0913186762746944,-2.03723264828888,0.123943381459202,-2.06468714840804
18,0.0380199539933314,-2.04173247949849,0.0774081112926739,-2.03364649121842
19,0.105763579645992,-2.01679049391864,-0.0468993002538468,-2.01892336906401
20,0.037938911539141,-2.04537393721484,0.123930401906982,-1.98086886050035
21,0.0596227230767363,-2.0238530309779,0.0460208699640502,-2.03066386995286
22,0.104466106649788,-2.05108084032559,0.0681296833765372,-2.0115832890078
23,0.0978381746419761,-1.97175173627606,-0.014977087552156,-2.03381076107401
24,0.124661735959188,-2.06836147830243,-0.00381024565443068,-2.01565755314976
25,0.0725802366266529,-2.0520051451034,0.0776362752549108,-1.99536511758677
26,0.00266588759480858,-2.07724272945081,0.0661712908715281,-2.01805323986117
27,0.0741148759877511,-2.00944387570882,0.0884444879203111,-2.05445864705331
28,0.054344526103122,-2.05751775793972,0.111478199011373,-2.00793572155121
29,0.11109509762399,-2.04038372975,0.0762893407783629,-2.02326000291234
30,0.1293150792197,-2.05473030152978,0.0491944159611918,-2.0434733664216
31,-0.0265987593925698,-2.04874147827995,-0.0157465954359438,-2.04055306430203
32,0.0997163866454645,-2.01003830143433,-0.0235876983935006,-2.0008736033383
33,0.119921922805521,-2.07871328998496,-0.027417375684918,-2.03429236885023
34,0.0370129444803542,-1.97607104854534,-0.00242372869112552,-2.02397385548877
35,-0.0169501874507614,-2.0465657281438,0.0663554013456625,-2.03352189224984
36,0.107730074632218,-2.05815408575094,0.0112158298135353,-2.02832639546321
37,0.0360500053697209,-1.98620065442076,0.0289021407225535,-2.02658585723076
38,-0.0495495650208069,-2.04407023981021,0.108098797853886,-2.03052384915661
39,0.0459286143002057,-2.02040393913203,-0.0661887445852008,-2.00447794175976
40,-0.000207930345948873,-1.97276285106894,-0.0603166438310817,-2.00963797223078
41,0.00939884457909598,-2.07399801556713,0.00336440013752407,-2.01551533633236
42,0.0923573835304604,-2.00266824389671,0.0817822386333623,-2.04583993492534
43,0.0556256226529606,-2.06556744519348,0.153726897699705,-2.05991932902201
44,0.105483682125425,-2.06858412904609,0.0699942162526457,-2.04816793883823
45,0.0919016602953724,-2.04537142503557,0.0402717349920655,-2.0257955144394
46,0.133392238498622,-2.11558167775545,0.0617582060025353,-2.03209915450272
47,0.140532992261214,-2.05896200404943,0.0854642313770638,-2.08934596743252
48,-0.0290410456818398,-2.08550370505211,0.150543010033131,-1.98435786004155
49,-0.0173934341660298,-2.09560801504542,0.111107619555926,-2.09894831133082
50,0.0883283377489883,-2.04871442101158,0.118407154017719,-1.99067331693007
51,0.00660680166153326,-2.03191130804683,0.0304719287724402,-2.00464290855442
52,0.0562015009120361,-2.0062899180396,0.0742268463986189,-2.03872297250654
53,0.0222331770599802,-1.98723224208496,0.0749980305812246,-2.00921403900153
54,0.113514069771113,-2.07643367587289,0.136145604583899,-2.12446986545749
55,0.0345357284154234,-1.99221801203182,0.123688674496705,-2.03626391102453
56,0.0320216991389742,-1.99495129407085,0.0532282001194085,-2.01380252956824
57,0.106254242685585,-2.01824170736957,0.0195047836967609,-2.00210193670341
58,0.156717653069973,-2.00221904609096,0.0969516835253637,-2.02492298076184
59,0.125866750933891,-2.03800529247365,0.0917967571225958,-2.03527384321616
60,0.131238797396435,-2.0502079518667,0.00588202250127886,-2.05505787882122
61,-0.062661467148098,-2.03784266043289,-0.0168827924540482,-1.94685100460332
62,0.0853477695843792,-1.97000493238227,0.0233010100163796,-2.08983958247175
63,0.0397967349078824,-2.02815116585561,0.15887143809562,-1.9985805266852
64,0.142504858209232,-2.05045442354087,-0.0267556135077711,-2.03670417483483
65,0.0385134716838957,-1.98965537133939,0.0211296756409572,-2.0107994989617
66,0.107411527357656,-2.06982667606723,0.00104306694748488,-2.01074119360388
67,0.153344238132976,-2.00173023908496,0.0236646158281657,-2.04513624169977
68,0.016407133211175,-2.04801595668966,0.0843040379432948,-2.11154710290966
69,-0.0811336087903483,-1.98904352094033,0.0629544764481503,-2.08072331615504
70,0.158340596970817,-2.06067202847646,-0.0261532166636173,-2.04456212184961
71,0.0168765122871439,-2.0052413643506,-0.0230044613978973,-2.06530360269443
72,0.0102588008429969,-2.01252923730453,0.0800258866542853,-2.01477653676196
73,0.073475604321552,-1.99996623068791,0.11850411543225,-2.04372863095489
74,-0.0585921758238238,-1.99291336141342,0.00395274483746213,-2.05368814466544
75,0.0321927249416484,-2.06036448764933,-0.023855097384517,-2.00565821869816
76,-0.062477415387472,-1.98627684426215,0.120107069265361,-2.08459985390261
77,-0.0127425074794365,-2.02037370563969,0.131730590060295,-2.07893016840484
78,0.0795809254259501,-1.99670309152351,0.139877405619185,-1.99607921830194
79,0.0421598586082202,-2.00926072581073,0.0023509953047001,-2.03399400437808
80,0.137940043467678,-2.11918482577548,0.0170037953347656,-2.08936621194603
81,0.0193586152897681,-2.02836129588348,0.0716633011122053,-2.01681783563647
82,0.138061816332046,-2.04829499715363,0.11669049036938,-2.05537390202202
83,0.0415700211019046,-2.06830060211175,0.0582300515726046,-2.04471057608058
84,0.0498543497060361,-2.00127871867473,0.0128659497388679,-2.05210345334889
85,0.0774951617988915,-2.07366981428031,0.0381249995631265,-1.98911869221698
86,-0.0241072204924415,-2.0138018223977,0.0659444657965187,-1.99136406977678
87,0.0874252100066327,-2.07182584370266,0.133633405609999,-2.03361470391269
88,0.14257907561572,-2.02209669390749,-0.0370426781772629,-1.95822154563694
89,0.0292515936142769,-2.00558042270541,0.0546307151023057,-2.05821041931217
90,-0.0768229590715895,-2.06770719135592,-0.0225522054596317,-2.0144081217029
91,0.0481000743843495,-2.01917981336738,-0.0438481034637698,-2.01586178109651
92,0.0580499904726965,-2.00492359590898,0.0925201342729127,-2.04157721782801
93,0.16649519302601,-2.03870054131074,0.0283734361452339,-2.01744774854215
94,0.0717660186573821,-2.05578284816935,0.111840229943413,-2.05419086492774
95,0.0328639135017279,-2.08204319466662,-0.0305543515219376,-2.08541519172478
96,0.00787384361565725,-2.09895095183363,0.0189386674448399,-2.06088037743929
97,0.0186792402880486,-2.08782392353544,0.0211651083010229,-2.02889963680404
98,0.102697267083462,-2.03302082442476,-0.0349539544492006,-2.0152996713895
99,-0.101507251020607,-2.07677790565579,0.156930085845053,-2.03366342623845
100,0.0101225303352278,-2.02797907740522,0.0545273709034091,-1.99875388290017
101,0.153598102767649,-2.04510076934334,0.0518496574204786,-2.07928723464939
102,0.0347839591844352,-2.00416202112361,0.0549384001112081,-1.95135289481124
103,0.215271147841634,-2.00127260403809,0.00833913578472339,-1.99622621803344
104,0.0181215059648059,-2.03036955869556,0.0155139113124353,-2.06779571531367
105,0.0495060302115372,-2.03196514968856,-0.0270581989838955,-2.00845653948522
106,0.0224108100562762,-2.02607712054776,0.0275668833943918,-2.1478093231829
107,0.0381526962647341,-2.00753223954247,-0.00203492251103232,-2.04014753986594
108,-0.000909772645074461,-2.03998626320723,0.10865345166682,-2.03035116801332
109,0.0705896522415479,-2.0517806455821,0.131942786452224,-2.07923236416642
110,0.0643914185833055,-2.05454284117186,0.106209083695547,-2.02303043671933
111,0.0627228649107782,-2.07528098921755,0.0657744046150523,-2.00071686316551
112,-0.0123133963415519,-2.0120497959166,0.131845108324718,-2.02939546061718
113,0.117074084959468,-2.05768945981068,0.119385033668631,-2.00718402434925
114,0.140694619125748,-2.03082332363917,0.0653210050200469,-2.03039601166672
115,0.0822195158642319,-2.07894311018865,-0.0100290300756997,-1.99341542964308
116,0.0852155720049655,-2.05550589666863,0.100581186824653,-2.06245930216593
117,0.181303450378564,-2.05050047847957,0.119793498373299,-1.97678384718366
118,0.0439246479416518,-2.02490037377598,0.055358946281674,-2.03548188551487
119,0.118407413603436,-2.07318606697526,0.0744380361204098,-2.02881911585774
120,0.0478738936097377,-2.0606785429838,0.113612562491348,-2.04953402476903
121,0.172622347779362,-2.02053763746725,0.0916364555669055,-2.06929900279879
122,-0.0185385817383892,-2.03938586147571,-0.0132017537009496,-1.98287825767389
123,0.0264366590816233,-2.06532295577011,0.0208713280361368,-1.99513158071682
124,-0.0446679973177491,-1.99942240177071,0.0541874659737236,-1.96231954358596
125,0.0499280596360057,-2.11104493996552,-0.0298478892620024,-2.07809072541515
126,-0.0381061873207569,-2.07876737247399,0.00884833024947982,-2.04709707962221
127,0.0120977326639118,-2.04290216955394,0.132604801715673,-2.07704694875548
128,0.0840883072198107,-1.99098068392096,0.0461282448606096,-2.0453296237032
129,-0.0461292344634663,-2.04996551251796,0.101322913538316,-1.98738926613974
130,0.0632136413893545,-2.03873332326272,-0.0681119844079512,-2.05586498242794
131,-0.035480859717298,-2.04220902784102,0.0606891209918974,-2.05054341937565
132,0.000412890473049315,-2.05579890176115,0.0103392735756419,-2.0864833819754
133,0.0415528469193293,-2.09846856251102,0.073599331641826,-2.0154109270357
134,0.132878539148384,-2.00340793796025,0.0724857018800355,-2.07566336151855
135,0.10828210576879,-2.03003556259095,-0.00559688731227185,-1.96952264310097
136,0.0423602306001834,-2.00154383818856,0.0632500858526269,-2.00554745043846
137,0.0995441583022165,-2.02887335459272,0.000259007164770727,-2.02277408699775
138,-0.00472562917163392,-1.99554087762076,0.029224954117106,-2.07685023876972
139,0.0608133580440525,-2.01330423001029,0.040769798225396,-2.03512055801844
140,0.0760364374224377,-2.02339281317161,0.0125492551273612,-2.01170694274837
141,0.0349894296857933,-1.97788398998244,-0.0422476223086382,-2.05906430906028
142,0.125374206028447,-2.04131834569492,0.0406145762219495,-2.02542385257367
143,0.064950126981593,-2.06165140145629,0.128541145820088,-2.04254575642261
144,-0.0239671202332862,-2.04263848331845,0.0295390830594414,-1.89252360528926
145,0.011450628146583,-2.02937402888094,0.0539519837118122,-2.05561923486903
146,0.0717996584892787,-2.07551998274122,0.0426363320621076,-2.03134163160904
147,-0.00358029760582018,-2.0601123153545,0.05748343790517,-1.99514154446107
148,0.0606564945474606,-2.05266848170693,0.0855035136499715,-2.04415215072702
149,0.0436722018448357,-2.05432132469812,0.0659871119961216,-2.05912989841702
150,0.0644298121402465,-1.99512839457702,0.0465523883160135,-1.98720291375076
151,-0.0396865196533937,-2.07674165592176,0.14885617590845,-2.05831400924976
152,0.129646460720084,-2.0517203936662,-0.0706838128322699,-2.0379876626278
153,-0.0244755535458626,-2.00812285166873,0.053236025977761,-2.10449507897985
154,0.0785567453472911,-2.05262259992777,0.0469640023640876,-2.0468315635374
155,0.0363996340498798,-2.06434332627794,0.10676706465338,-2.07710471391348
156,0.101474352754124,-2.02480316003535,0.033967347746716,-1.95002228332686
157,0.0207690843751077,-2.05248418893111,-0.0135446781848414,-2.02688768242622
158,0.0726976497556948,-2.01625951726924,0.0743454166646045,-2.09303643518721
159,-0.0210955783415929,-2.00961734182122,0.0334352499092299,-1.99883077299451
160,0.0554548442892563,-2.03427418385923,0.1132101392792,-1.96035514145713
161,0.0247342198239279,-2.01964417929784,0.107405210652169,-2.15893397156333
162,0.0429443449327999,-2.0363481149325,0.14443147112627,-2.08454731119963
163,0.0307403018819798,-1.99144785734588,0.0617139864702807,-2.00272972352666
164,0.0309905889499598,-2.05167557606724,0.120961516400917,-2.05914583849856
165,0.128514295136597,-2.08018738667513,0.0440760153171046,-2.04726123139239
166,-0.0203559269010242,-2.06374528003476,0.0898985591676194,-2.00514036458607
167,0.148129635356773,-1.98909711122168,0.120923021462289,-2.04393518223186
168,0.00967812270011088,-2.00857410838227,0.0349196492284357,-2.02653824489732
169,0.087170923316792,-2.03778155962009,0.0515517546646813,-2.01249751783809
170,0.0447479576215157,-2.01255810885991,0.0643263141254878,-2.07004426768576
171,0.0141122072873092,-2.05676781648642,-0.0329616380184798,-1.97109819948215
172,0.0140039468618535,-2.0471369759116,0.0627744817569285,-2.0381551897372
173,0.0586558235131611,-2.06234836525398,0.106473182722657,-2.0891927368957
174,-0.0289933759688888,-2.00667294585412,0.0869274487206469,-2.05922842034667
175,-0.0509732095758754,-2.02683171240083,0.0884333870115844,-2.03530630793596
176,0.0186636094292687,-2.00719453976596,0.0101400378932297,-2.0403211586638
177,-0.0867587050014309,-2.0366105350116,0.0487066008824008,-2.02322861589813
178,0.0953797526433629,-2.06132092352838,-0.0215447952636519,-2.04200026992866
179,-0.0640756756393587,-2.01769278838833,0.06992775911409,-2.09170522926987
180,0.0850385867821441,-2.03591848461281,0.127228772509608,-2.06746692816543
181,0.0803398383484928,-1.99691726635733,-0.000148140919151115,-2.03244544132699
182,0.0698121542452774,-2.04710209349301,-0.0113873531442882,-2.04236785547158
183,0.113652113169237,-1.96521042457785,0.0364466655972132,-2.09709373545637
184,0.123911216175791,-2.04325330096999,0.091235473969417,-1.94634873575394
185,0.0211667160660335,-2.03456976412295,-0.0544105005945095,-2.01986001719323
186,-0.0267505739401161,-2.06272706975962,0.0783120806897286,-2.05033037134233
187,-0.00536563918157458,-2.04955975411961,0.105405321760147,-2.02168064358551
188,-0.0214853922293206,-2.01042233415413,0.0720162107944029,-2.04437466832927
189,0.0097275522724807,-2.03001428777713,0.0271031505255811,-2.11680433629141
190,0.0662479610714487,-2.02885999189905,-0.0307556398691108,-2.05173738120448
191,0.00693481805360041,-2.13731669283722,0.0723411539515084,-2.08697824163452
192,0.0609615329212069,-2.05919332670803,0.12015124770748,-2.01152715717049
193,0.093911410705951,-2.02821995781214,0.0781677874663982,-2.03983326588385
194,0.02655701514705,-2.05233328329469,0.111348594917181,-1.99217460039629
195,0.0451495278116299,-1.99462192935816,0.0572486429522388,-2.06987920480725
196,0.0181743736688128,-2.03283614111483,0.043240345860342,-1.9778389385615
197,0.16330290327848,-1.98448806329089,0.0559924719752888,-2.07952465295462
198,0.135924491405791,-2.0352763997073,-0.0239586540043004,-2.04539713232575
199,0.0853207898868364,-2.10298602110598,-0.0134988688438653,-2.05758169202218
200,0.068168376958124,-2.04271058078869,0.170468852299216,-1.97595999576382
201,0.0150241696401541,-2.04932635780007,0.0331632977509376,-2.00604915519239
202,-0.137606536973316,-2.01468115047775,0.112543172032839,-2.04458144144546
203,0.153304559736361,-2.05475610343651,0.0774232684717734,-2.00514770889752
204,0.0996601315453088,-2.08470765497674,-0.0412434167589862,-2.0002089417361
205,-0.0438047449187299,-2.03035302482198,-0.0355296394114728,-2.06807542246818
206,0.0548135313216091,-2.07655863424412,-0.00699942200478727,-2.06076222424799
207,0.0465137502892182,-1.98541462447251,0.0691398478954776,-2.02295917848086
208,0.137344295137747,-2.06216323961784,0.0506777118052487,-2.04109059231026
209,-0.0170193231846784,-2.03915146714181,0.117200442344494,-2.01386539092953
210,0.0380517517447309,-2.01634340196091,0.043604511534824,-2.00948163276262
211,-0.0468766056426131,-2.14199972307142,0.145542470505423,-2.02097552920289
212,0.0309573633701115,-2.03635106167013,-0.0506469360147656,-2.0713837796632
213,0.0693608921316006,-2.00698314583015,0.00570897062115552,-1.98357461933222
214,0.0380550702199968,-2.06774290287067,-0.0157865149272865,-2.00188943631091
215,0.0210810548790803,-2.04324692451217,0.0332996810106792,-2.05278332532769
216,0.111890555549873,-2.04778136229112,0.0338496866065955,-2.06211414981872
217,0.0499610346345311,-2.02080192293824,-0.00034042966652567,-2.03476904892078
218,0.0615012058147346,-2.06866890758013,-0.0507734896205131,-2.02943874943962
219,0.00359754700361076,-2.05135966018248,0.0376914680182129,-2.02760772033518
220,0.0588362382624804,-2.01709182855546,0.115233734457988,-2.01407176539908
221,0.0190919537925891,-1.97957236448405,0.0495522855578496,-2.06712999850234
222,0.0854111639498692,-2.07833346709594,0.0490227427262173,-2.00323564208342
223,0.0206083665514628,-2.07361972643587,0.0443406814214058,-2.11015095364864
224,0.0737022782870387,-2.09173791115347,-0.0337815088332879,-1.96391929286085
225,0.0225509191953907,-2.04159556145698,-0.0222112815974442,-2.04307461299569
226,0.0999942317786559,-2.07753722720108,0.0658778945191196,-2.0418734259811
227,0.0843840731368489,-2.06994845289092,0.0662513162955765,-2.03907218994929
228,0.0869746359900547,-1.98214489878178,0.0785365149972472,-2.04394346794832
229,0.034942343626487,-2.03392701645172,0.0747194458978384,-2.06577890787448
230,0.150847601908455,-2.13325322139869,-0.0215418549074768,-2.04821299357692
231,0.0676889713738426,-2.01861329011035,0.0273551529997481,-2.06502910271978
232,0.0395467831975873,-2.03544042113578,0.0657223105855516,-1.99604852348684
233,-0.0342526255798519,-2.03027582575486,0.152424264139087,-2.05823844114264
234,-0.0634316120733239,-2.06429538971233,0.0498242513872408,-2.02312211915152
235,0.11741961239003,-2.01625805518805,0.0538873412720659,-2.01390386288587
236,-0.0212224671801568,-2.04014419464243,-0.01604885892376,-2.03565027154979
237,0.13161126154723,-2.10438505476256,0.0514465105074874,-2.10721048860107
238,-0.00510088912036507,-2.03843999057817,0.0147344861192648,-2.02406033284563
239,0.0441222739442666,-2.04457952220404,0.0553479866179466,-2.07069621741165
240,-0.0070038570626638,-2.05240072383578,0.0548602971064555,-2.01301228291071
241,0.097507776197275,-2.01072537130727,0.00671436559415827,-2.01712916610378
242,-0.0170467899860985,-2.06127198176099,0.165007693004031,-2.05213399970744
243,-0.0280963647589043,-2.00200799092675,0.0284301115654733,-2.0212980937552
244,0.0171172196850477,-2.06105266689155,0.121112756317151,-1.98240166581971
245,-0.0534807228854059,-2.09216571743638,0.0763509821249738,-2.00122634120217
246,0.0790846661680797,-2.0083804372559,0.0752420000949384,-2.04162862751105
247,0.151410812603158,-2.09285612631471,0.146925881969035,-2.04315524062955
248,0.108168402612651,-2.07337110709677,0.0881508018302231,-2.04054459607596
249,0.105701145525221,-2.06011873516013,0.0613740007714243,-1.99879137357338
250,0.0232561599458392,-1.98665637544335,0.01132499708237,-1.99075049978718
251,0.0426774429943901,-2.05810166614599,0.100095734016814,-2.05708026818203
252,0.0692008070576273,-2.01504284989436,0.12488897554495,-2.0279144048329
253,-0.0720421678614399,-1.99413716069894,0.0815164120994224,-2.0751444572307
254,0.0419976982241925,-2.04264935270646,0.112534994091518,-2.01410225585668
255,0.175104496759177,-2.03284763386095,-0.0116035675930516,-2.06811932614029
256,0.053346124021974,-2.08018588354167,0.119824166930054,-2.05800166658613
257,0.0870877751379048,-2.04187594935679,0.0255251303476823,-2.08014879041575
258,-0.00144171450090461,-2.02275951576275,0.0120090774535331,-1.99564335649912
259,0.0523056373898585,-2.07455226730254,0.0354551078841331,-2.05074286774597
260,0.101056679692584,-2.05682630460552,-0.0363739551600737,-2.06342361841993
261,0.0994826027237604,-2.0696659213374,0.0984806027366815,-1.99922516490611
262,0.135305071972325,-1.93962208030301,-0.0243628723288061,-2.02467329461081
263,0.006106072376867,-2.0270223957036,0.0777042612828175,-2.07323309105873
264,0.0869030640942443,-2.02786528589638,0.0220098488602248,-2.01205376041421
265,0.124217318276367,-2.03617516351845,0.0392886019938289,-2.01462357254348
266,0.106337443518469,-2.00580295775708,0.0609689056644169,-2.03878423944557
267,0.0760750656778618,-2.00099383983955,0.119399985091298,-2.03757482174186
268,-0.0234061121413087,-2.0220386524299,0.123208756482841,-2.03170864088468
269,0.0390688943525188,-2.02866713541651,0.193033550920139,-2.01852001395755
270,0.0385136089157873,-2.02913564003574,-0.0613669490213209,-2.01497219481778
271,0.066481050527796,-2.11752407267399,0.0727860288192248,-2.03641101984228
272,-0.00506346740961463,-1.98156408602404,0.040179401585613,-2.00706739920952
273,-0.00363763355607538,-2.02724626048803,0.0337230131723125,-2.04794562272164
274,-0.00333046482681102,-2.03004419168594,0.0090136882564977,-2.01767686385661
275,0.0221118874020413,-2.03685854539936,-0.0452685326578952,-2.03134775633005
276,0.0705305458676012,-2.01959647950523,0.0433649699953061,-2.00213690747636
277,0.0513564198602484,-1.96037135325908,0.0886823245316732,-2.08862312275256
278,-0.0364181382208846,-1.99976440530023,-0.0443404400167398,-2.05355087112629
279,0.0838623595700913,-1.99693585102964,0.0932288135703579,-2.06255794657464
280,0.0584406734672065,-2.02859169699523,0.0619258246864085,-2.08940365924818
281,0.102979373762572,-2.04591234632049,0.0305212850575723,-2.06991311265135
282,0.121482726362778,-2.00782274912695,0.0511460744764495,-2.01958698853649
283,0.0496918099434372,-2.01485953975059,-0.00993054549838835,-2.07026626797832
284,0.024462567084309,-2.0279488304761,0.0020563294292363,-2.06458603697959
285,-0.0424561417022581,-2.00904654369331,0.00795326042387935,-2.03426151543822
286,0.119048459782791,-1.99937731658783,0.0407460060158774,-2.03405748544068
287,0.0787564961758817,-2.00611990498404,-0.00597059979935473,-2.0494661539749
288,0.0445875073718124,-2.07115435569774,0.0913439031019232,-1.99863584329614
289,0.102510022769693,-1.9983416774796,-0.0200091428146727,-2.03299362914807
290,0.0752810289179571,-1.97423843294009,0.189719547770302,-2.01449103102862
291,0.0388591472859755,-2.03414144312159,0.0895016672221795,-2.03850643153
292,-0.00799959174778889,-2.00851248857487,0.0465896603671482,-2.00575215823317
293,0.119491014351506,-2.0202016382951,0.0802870453997932,-2.02720761135815
294,-0.0686470105715011,-2.01100901278707,0.168890716566957,-2.04498219125617
295,0.0576667138006516,-2.02852165314297,0.0775791993725189,-2.03973716789836
296,0.0412237959899869,-2.01764920443178,-0.0518168037707201,-1.99342777472008
297,-0.0484965738252702,-1.96729676442154,-0.0670093384379977,-2.0694644239009
298,0.0204917573081393,-2.03978560788277,0.0527338544951491,-2.05054824967458
299,0.135038125441439,-2.08216043348097,0.0711509172851697,-2.02124750501088
300,0.0613061327473352,-2.00798688686356,0.117282399675883,-2.03314355370271
301,0.0629053743152033,-1.97019964199233,0.0613988757110947,-2.04415092291857
302,0.0600520505480965,-2.057089906814,0.065140161672389,-2.00994794466352
303,0.0917779447873219,-2.0671055317726,0.111264055060554,-2.01781322466497
304,-0.0157130790059241,-1.98624601050683,0.0302136252529057,-2.043755040454
305,0.0484217806755114,-2.0154694015972,0.0229891588610943,-2.06663874671028
306,-0.0327889016380634,-2.07598753210673,0.0645572648704805,-2.03409791606146
307,0.0124933477526751,-2.03244904114183,0.0193670566624841,-2.0121741383903
308,-0.00916882547929044,-1.98293923840808,0.0783157416465223,-2.05059857141239
309,0.0818543425253998,-1.98674323092233,0.0486877929303014,-2.04664104975916
310,0.0605204982824965,-2.01490839215097,0.0855338331470242,-2.04318367330472
311,0.0983952058023238,-2.00213040581802,0.0515216795352423,-2.04735804044193
312,0.060162026533417,-2.06697130104636,0.0453768470049367,-2.0440059601355
313,0.226102721442662,-2.07393710304377,-0.037139282437714,-2.0584765710153
314,0.149993226963474,-2.04438916637157,0.152619931968672,-2.05531518783771
315,-0.028495093432472,-2.02972283309392,0.0304766103996288,-2.00953930276346
316,0.0968607253587625,-2.01554502477291,0.0747548661833763,-2.03607865644785
317,-0.013632254674749,-2.06592861719623,0.121413617958657,-2.04887631554467
318,0.0065709012559186,-2.02679392752028,0.104137371302108,-2.05724273939605
319,0.00383730113056905,-2.05250780395221,-0.024049617707915,-2.0476379936705
320,0.0449512949869284,-2.00251208762922,0.122837423449583,-2.00060520391186
321,0.0370228549523185,-2.05036926311059,0.135576683589088,-2.07846904114838
322,-0.107298070463994,-2.08510024593345,0.100078725390085,-2.01900703051293
323,0.0977164215179563,-2.03582180986182,0.0297880209442277,-2.01365094570601
324,0.0350812913534775,-2.04280265155204,0.0761608229554465,-2.01832320135749
325,-0.095157269951262,-2.05236979214847,0.0277244649733378,-2.02111349491767
326,0.0846160186539351,-2.03570820928025,-0.0701146325725664,-2.03046123389378
327,-0.0249287518738099,-1.9703226767704,0.149763661639611,-2.02108308376368
328,-0.00630849235867644,-2.03332082923888,0.0657163980078716,-2.003869555906
329,0.0261515450037425,-2.01659526970523,0.0934286592983739,-2.10534253838568
330,-0.00509232962249388,-2.03539881549254,0.0976954498632789,-2.06181697320362
331,0.0915365660572599,-2.0100971159898,0.130304088728251,-1.95150612745078
332,0.191957409198138,-2.10586485605662,0.142632467961352,-2.01647536895622
333,0.0153083438703738,-2.03224037241148,-0.0735780725568657,-2.057762202121
334,0.118106755638429,-1.95807758258723,-0.00787986274672713,-2.07992130618799
335,0.187419585340668,-2.07858241782287,0.00441830749819068,-2.0544562990861
336,0.0101818707182589,-1.99348050361365,-0.0136071074791541,-2.03159484430245
337,-0.0414652764095386,-2.02903753045554,0.0674123226076813,-2.07763876733819
338,0.0872852452629006,-2.01144917642613,0.0940008609641935,-2.08331636441966
339,-0.00413150604575443,-2.01849725671449,0.08024067236992,-2.06985469164967
340,0.00269606842045905,-2.03148151037482,0.0405454402230471,-2.02724811733847
341,0.00681526482873636,-2.06946105821869,-0.00686773468917584,-2.04147054896032
342,0.174388394105701,-2.02454182340114,0.0508084895851604,-2.03833944952641
343,-0.00788734110529538,-1.99000628543426,0.0356855151577914,-2.02297439736594
344,0.130517298533776,-2.06418503379603,-0.0262019115421618,-2.05022419170557
345,0.0466914559143982,-2.00332978370648,0.00956748582234681,-2.03553205345951
346,-0.0650756146846964,-2.04620318743133,0.0720036045597154,-2.03089809803201
347,-0.0152637692560192,-2.02678681454844,-0.0361120491669976,-2.01785129214063
348,0.151124965785917,-2.04938131465168,0.0426321673716432,-2.02237157729995
349,0.0222270423066989,-2.02971763711051,0.039165150303416,-2.01729090738941
350,0.039799792153169,-2.08992387789608,0.036655742608209,-2.09887412777576
351,0.110013936679438,-2.06375244851085,0.0541642882049159,-2.00821669329583
352,0.0393383260526975,-2.05049519973094,-0.0220895714698004,-2.00934696544172
353,0.0229475214344655,-2.0209994427288,0.101152300972136,-2.03884130325635
354,0.0433631438168724,-2.09071556804554,-0.0067966984462532,-2.05879472905501
355,0.0908635643682055,-2.06276363042332,0.108188707544122,-2.00221096520231
356,0.00330048543122369,-2.04050860341453,0.164462618757016,-2.04021128817064
357,0.120909872332502,-2.06114703644875,-0.0126086131433813,-2.00713649222549
358,0.0291002958682063,-2.04216903050183,0.096713118145546,-2.11305127710695
359,0.0471144996670911,-2.01869708293368,0.119885296952819,-2.04439712712705
360,0.0494187939101703,-2.04643135509597,0.0354047012186738,-2.01145469492099
361,0.0168435828523382,-2.04870909877057,-0.0128959203640195,-2.06872893774141
362,0.0221123994849244,-2.04448179663297,-0.07094283273329,-2.00844738450272
363,0.0291979335886973,-2.04225054830668,0.0744476193286486,-1.98330442734827
364,0.0698575753761267,-1.99514109710489,0.140786970880514,-2.04898623814278
365,0.1458772247492,-2.09107259854411,0.0436724666348981,-2.07253549894645
366,0.0534735956755238,-2.04040690481018,0.108611322593271,-2.0422057345853
367,0.0526091148999985,-2.03565179975959,0.0488703636091055,-1.97379360506913
368,0.0728882643882643,-2.05493038259852,0.141446187072272,-2.06811905615774
369,0.065895714017561,-2.07700810842975,-0.0423010304150612,-2.00889822816209
370,-0.0193558954709803,-2.04166170736145,0.126365212227938,-1.97374050133932
371,-0.032724400914314,-2.00288292445652,0.11620480753573,-2.02736934420711
372,0.0746836497929954,-2.04437061545617,-0.121790595990886,-2.00849555702894
373,0.0824010496129369,-2.04744582718844,0.0963341212726817,-2.05033046776731
374,0.066083795374394,-2.0657205497682,0.0449360333936675,-2.05725015479925
375,0.0941565999190264,-2.0444050144104,0.0978486212275963,-2.06827868587167
376,0.0404424305358482,-2.03693140436811,-0.0436322318721169,-2.06954979444006
377,0.0465129834639373,-2.03265104323195,-0.0751113831586055,-2.10313059192628
378,0.0442794601214913,-2.05649926224604,0.0674714926247575,-2.0353947843092
379,0.0718841879343614,-2.02363605340893,-0.0651749965066813,-2.07129840806765
380,-0.00873125340171803,-2.05902779182444,0.0688279441957028,-2.0624978523981
381,0.0273298223791481,-1.98255059906542,0.0854033212368729,-2.03092783859134
382,0.158568819810504,-2.01434796539402,0.0619861952557824,-2.02729640500643
383,-0.00179505116680635,-2.06087891606755,-0.00161394101220944,-2.02677437401073
384,0.0584823122448114,-2.07404348203326,0.0392225398601952,-2.09866600198283
385,0.177045188095583,-1.98438481789297,0.198586763848114,-2.00127503441839
386,0.0446328493930715,-1.99325692504638,0.0835414279239496,-1.99296501584116
387,0.0959367863542102,-2.0007303062751,0.0816646301670355,-2.03719662969913
388,0.00438465739477469,-2.01723416802563,0.0491187227445822,-2.05070402703964
389,0.0419820529454235,-2.04793599661079,0.0194948734687056,-2.054365871772
390,0.00334568638321063,-2.04125014016887,0.0442259997707757,-2.0261152106887
391,0.106006299655543,-2.08898099419743,0.133949881387129,-2.0253713033266
392,-0.0356597059322123,-2.03244783851456,0.0082307539963377,-1.94213257004641
393,0.141372844399609,-2.01480202933909,0.0258253622136696,-2.04875713395593
394,0.050007885490441,-2.02911375236567,0.0468527616370437,-2.03548205505838
395,0.117609801028083,-2.07498771181335,0.11371150981772,-2.00486226396509
396,-0.00225310443351693,-2.01583190772808,0.00408233711848321,-2.04456418360739
397,0.0425045447373601,-2.00167375031406,0.0759174094688067,-2.01187130816148
398,0.0628122892808949,-2.05466251825387,0.0227480966736417,-2.0346814391282
399,-0.0179830812332092,-2.05889468824544,0.0287095581253734,-2.0427424286051
400,0.0277692100489174,-2.04004605806817,0.0721948788776455,-2.04943899800448
401,-0.00796838298477749,-2.05232676630008,0.100852860829782,-2.03469899748236
402,0.0964667799072474,-2.05461195915962,-0.0123443741593358,-2.06100240504074
403,-0.00637326118115498,-2.05580838590784,-0.0131960833865199,-2.08796400415852
404,0.0334010987595532,-2.0486549464124,-0.000879027383971249,-2.03822597409727
405,0.103222345169484,-2.05592720468315,-0.027644592683787,-2.13785252494611
406,0.0224122344494683,-2.08507446678237,0.070507043571898,-2.02680069194682
407,-0.0789749452513715,-2.01151209278958,0.0278038693671529,-2.01840960659198
408,0.0667150631774143,-2.04969519019838,0.0969924837384491,-2.01758185662887
409,-0.0145997083122882,-2.00876541924164,0.212121254454655,-2.04438741962272
410,0.0270610352532908,-2.0335739394559,0.130013686470434,-2.07075383587663
411,-0.0192514788634068,-2.06292062668497,0.0196283643172513,-2.04395453344818
412,0.0579818775911467,-1.95592485057247,0.0588325161965383,-2.01180454329581
413,0.054331057860648,-2.06747747077779,0.108948930374887,-2.06791640258183
414,0.0969816138932548,-1.97771993446067,0.00621640453123784,-2.10915336025906
415,-0.017754805005151,-2.01584141255322,0.0698183829873559,-1.9748436122141
416,0.0405425568961208,-2.02291206101943,0.0169459659986451,-2.04669100220072
417,0.0983554307248895,-1.98367991542562,0.0828901207619073,-2.05491878912243
418,-0.0433788023774424,-2.04550902509148,0.0767068273388259,-1.98931248989006
419,0.0807568176201564,-2.06300535843833,0.0842991366714068,-2.05842351282232
420,0.017024838141767,-2.07906344822173,0.0699962435854102,-1.99911200684815
421,0.0565219159246981,-2.00593905273435,0.127920539247815,-2.04140405562967
422,0.0462815082386255,-2.03255557628254,0.0229308911070267,-2.04911073137445
423,0.0328090612005551,-2.06253541411223,0.0224071934740473,-2.05791407727688
424,0.0471774072938642,-2.05110222306705,-0.0145370692036359,-2.05855317507971
425,0.0347170425855271,-2.00629974715852,0.0133228830189706,-1.98199731420946
426,0.0761591902528583,-2.05166455751429,-0.0314933064709279,-2.0017790349443
427,0.0663895731765267,-2.06551742395999,0.123361211919788,-2.01209663977074
428,0.038412096174086,-2.00888074579018,0.0877700754404385,-1.98100640697369
429,0.0625655751174417,-2.05071269677237,0.0750409186607038,-2.04718690512033
430,0.136919717541365,-2.0588568078558,0.129690618216755,-2.06200791504269
431,-0.0157703862470014,-2.03378947009671,0.0730534311229453,-2.02419031023061
432,0.195639153885596,-2.00838836805164,0.0513960423613214,-2.03664902518967
433,-0.0302865564900595,-2.07688740292579,-0.00191968326429786,-1.99539442982066
434,0.0165679664936589,-2.07863244631007,0.0882494848763776,-2.00439317776229
435,0.0190157068717886,-2.05590534752579,0.00215324009622232,-2.05786216819128
436,0.0894688224801623,-1.98767046698757,0.0406615669463197,-2.09347565245933
437,0.0283311155302936,-1.98041011089939,0.178541755833275,-2.06399996721175
438,0.178663381555498,-2.01165192442093,0.0221299602854435,-2.04546621752699
439,0.083391424609796,-1.99158484036484,0.109325205099488,-1.97426928348261
440,0.187948563035958,-2.01382657127273,0.0930763906183971,-2.03309732265175
441,0.0433377539315213,-2.02664841831464,-0.0178613532493944,-2.08107185868291
442,0.00767585347150904,-2.03392215760239,0.0981240919898149,-2.0125798746089
443,0.0617167454094395,-2.02364004941716,0.126512222767131,-2.1023942297983
444,-0.0727053144857575,-2.00561287546555,-0.0237713647734635,-2.06435416923673
445,0.0713667588149585,-1.99476570646825,0.0513848706272641,-2.03002590831183
446,0.041121571164462,-2.0098302085408,0.0615964749525227,-2.02604467205719
447,0.137839830711544,-2.07040004273313,0.0840366310799176,-2.04314929048287
448,0.176283501439492,-2.01685589785035,0.0589482383323819,-2.04856476123491
449,-0.0427718319957397,-2.01936304504454,0.121971383041409,-2.0397283859768
450,0.00909961483773241,-2.01691962290873,0.0699498108314346,-2.09293318552373
451,0.0474939919739648,-2.02452874848397,-0.0219031169243947,-2.05415218312063
452,0.184287875501902,-2.0303406619212,0.00697026355225432,-2.05274396844482
453,-0.0751552725543206,-2.05286889116965,0.0776344033847838,-2.03825671084848
454,0.136678662059797,-2.01855884727768,0.00783163464133676,-2.03755026687775
455,-0.0131678089469891,-1.96946823777319,0.047818561397946,-2.06222873596421
456,0.0855343626592734,-2.0318016043821,0.111211331654999,-2.03523458759888
457,0.0180441539589051,-2.08981307806125,-0.00830257675133825,-2.1192976520747
458,0.0633277457667856,-2.01320186350084,0.152004533708175,-2.01372780686313
459,0.0532057494921642,-2.06091748107099,0.0916356190946872,-1.99213291775456
460,-0.0314422308969054,-2.09799004941251,-0.0435743757431129,-2.05139440696667
461,0.0979657221626968,-2.01300612239024,0.00226479813271564,-2.02065590098519
462,0.0463975908174503,-1.9862955928621,-0.0160222068321435,-2.04759327869461
463,0.0547411872990261,-2.0457935710431,0.0197389146462274,-2.02500736051618
464,0.0760970778465982,-2.04342171362795,-0.0178387698691094,-2.03360163078898
465,0.0334516946874354,-2.11272143840148,0.0835152310877121,-2.16063168276885
466,0.045981023719609,-2.08000519294572,0.00249541463239223,-1.99555304657984
467,0.0966996474382917,-1.99774547200075,0.0332618412174602,-2.02832976320312
468,0.0933417974236563,-2.01726573828143,0.00257489546741072,-2.05694287013387
469,0.0755883897495422,-2.08290595077949,0.0410067758405072,-2.00638170031592
470,0.0179231436300394,-2.05990262477134,0.0133560963804833,-1.99184417180221
471,0.130674379429346,-2.09368812941685,-0.0231930588605659,-2.06855601359023
472,0.00809411550919136,-2.05580475660831,0.159420274117604,-2.01542848750985
473,0.0690565852288749,-2.02104524954996,0.0580670202333712,-2.05735492493762
474,-0.0236454296542393,-2.02731870638231,0.105834766682302,-2.11724215557367
475,-0.0121735977494085,-2.03154687942515,0.0291177108431074,-2.02540404228367
476,0.197593690333155,-2.00279729262916,0.124131945086247,-1.99089762651643
477,0.0180998232195965,-2.03377497459539,0.0959641385454797,-2.05779750011881
478,0.0802718276457748,-2.04305187406935,0.102947282628138,-2.03041966406678
479,0.107235690833046,-2.01864929357373,0.033758921082196,-2.03243548654284
480,0.0799447035306658,-2.00980972652858,-0.0368445669546174,-2.02725550742443
481,0.0537078390355594,-2.06532348065398,-0.0210374154525118,-2.07946685782507
482,0.125973659670792,-2.03890199686939,0.087534970413704,-2.05978675961328
483,-0.00640565172335861,-2.05909564222959,0.044302160468868,-2.10374781927657
484,0.0125763561092931,-2.01235619901875,0.00411343792764926,-2.02705867080341
485,-0.0227764153785407,-2.09196874621202,0.0840005475272814,-2.1161900386461
486,0.0437031770451966,-2.00650408833446,-0.00636882168351835,-2.00087649810736
487,0.0665831027651124,-2.04674796089059,0.218292995242516,-2.02833127649652
488,-0.110521692951116,-2.04283788266344,0.140378140638204,-1.98696587096695
489,-0.0257157636399851,-2.0453354142471,0.00476642444046298,-2.03011969866739
490,0.0641951014861188,-2.01014212613418,-0.00641083162348807,-2.02528808577956
491,0.118113475975665,-2.06293704058832,0.0217175690712855,-2.07064144544164
492,0.154946572742651,-2.05440049253841,0.0707522499999016,-1.975414625949
493,0.0522144252553651,-2.03462612147192,-0.0400383141112316,-2.05934757927488
494,0.0630023243311015,-2.026157232841,-0.0385222296785914,-2.02972277106511
495,-0.0222039152438121,-2.09095046720654,0.0404521189972116,-2.03947590211096
496,0.0452301269423753,-2.04593242301405,0.0705779541037067,-2.01660312626253
497,0.0318324647078334,-2.01495737697784,0.0038123358575405,-1.9977266718673
498,0.156003576009963,-2.08851760321278,0.0173971012909556,-2.04813934246335
499,-0.00546408516452719,-2.04498512474252,-0.0146653049693024,-2.04290307505024
500,0.119997746266572,-2.0196789227217,-0.0379697943048383,-2.01874681906703
501,-0.0027633536350622,-2.04643729188119,0.0699161002544643,-2.06554657173839
502,0.085728608393341,-2.06066017676203,0.103428782828537,-2.04275390401073
503,0.054038823972266,-2.04022445145001,0.0304821633539948,-1.99591277673395
504,0.0835804428756166,-2.04356927181897,0.0837050755037766,-2.02265071771575
505,0.019391151640926,-2.10189169810607,0.0591265166674879,-2.03048181161311
506,0.022518222501359,-2.00572619457311,0.0689659466529247,-2.07595946551231
507,0.0793839652778908,-1.9916110710547,0.040504822010429,-2.03590542273727
508,0.0987332648320081,-2.01962469155032,0.0634771335042033,-2.00770617811822
509,-0.00103838140029466,-2.0336527805712,0.0404448472462661,-2.02776218614041
510,0.0286462983403062,-2.05656553808322,0.0661882329280887,-2.00588881569881
511,0.138389919974598,-2.05753066106631,-0.0267487247931891,-1.96266786709513
512,0.118693001778393,-2.06834836179101,0.0382872591063849,-2.02458379697823
513,0.00992687715655697,-2.05571307901076,0.0178532791700668,-2.07409896986347
514,0.177815625683389,-2.08087014513547,0.0706994433744812,-2.02054936771728
515,1.79533780843324e-05,-2.05693937225366,0.0882882346531894,-2.0382432926301
516,0.0455620984544074,-2.06287957005986,0.139864196119616,-2.03172730361748
517,-0.0991985787585465,-2.00832701360502,-0.00478486819522785,-2.00193847897467
518,-0.0136396111218946,-2.08760530472753,0.106929696282957,-2.05780327553335
519,-0.0261174923067241,-2.0438540043484,0.111721258805041,-2.0543550804643
520,0.0451411803805046,-1.99134593029407,-0.0953685107395969,-2.02692516331405
521,0.0622629401854977,-1.98609215166429,0.132273677558633,-2.0502139991868
522,-0.093094138219662,-2.00151055451029,0.0897457541062832,-1.99919078140606
523,0.134223043853629,-2.01838724462137,0.142695708420768,-2.00342494424386
524,-0.0179739091447361,-2.05418203454267,0.0689012566897234,-2.05153848928481
525,0.147266585131382,-2.01555688460177,0.0747219509233003,-2.06867052078894
526,0.0356169067077061,-2.01898240250395,0.194493230435993,-2.0875464404883
527,0.0451608745715129,-2.0307948225597,0.107344527242431,-2.08216539517057
528,0.0312212533180472,-2.00046374581642,0.132342397319735,-2.0986925596149
529,0.171033992892442,-2.00917952346584,-0.00157639357128746,-2.05517124628473
530,0.0444463904214909,-2.04262961470427,0.0284129073759594,-2.06956961593794
531,0.0644612762567527,-2.07032934609352,-0.00829084549928708,-2.10331386694294
532,0.0427966329257843,-2.08322135177694,0.123478381751803,-2.02317801152257
533,0.0517589980553319,-1.96637313015007,-0.0246675773511448,-2.03999785678023
534,-0.0418733737175558,-2.07501128960639,-0.0174043145565384,-2.06558430642892
535,0.00294074751080921,-2.02929264682138,0.0309137626755831,-2.0175240823039
536,0.113412398991782,-2.02645396793676,-0.0195916071709639,-1.98052741177739
537,0.172777311302308,-2.04216624781838,-0.0145219677241029,-2.03798474628027
538,0.00640724896721347,-2.03247157537119,-0.0105001199843383,-2.01084543613197
539,0.0955937069881438,-2.09183573763252,0.134481143986122,-2.02964812494833
540,-0.0015051315787579,-2.01709781796741,0.17741157327428,-2.03538145555697
541,0.038434675011312,-2.03528693374383,0.0959994556548295,-1.99316519083503
542,0.00663384527697655,-2.03833618067052,-0.045152718592499,-1.99490072173507
543,0.037195473731094,-2.02859878199223,-0.0453136780106209,-1.97266214416969
544,0.0035145883169856,-2.0025690753722,0.0697621611764846,-1.99916088617125
545,0.113400882332475,-2.06143182706825,0.0263576634613025,-2.07354152699433
546,0.0104693853059336,-2.03552111083527,-0.00309261235119583,-2.10267261813647
547,0.000973663193261333,-1.96803439466191,0.10547428295246,-2.05047437530404
548,0.132346933680719,-2.03955951515234,0.0922412641838152,-1.99960730788056
549,0.0449984648150061,-2.06116143825898,0.113451799348418,-2.0500430551346
550,0.102651704529228,-2.07282121830316,0.00130498401626947,-2.03055833776549
551,0.114537326966535,-2.03478779836865,0.0234406311317389,-2.0318305184232
552,0.0470679842286013,-2.05363925703378,0.0490990646005455,-2.06576508494574
553,-0.0461902071206203,-1.97679511305012,0.13413127176594,-2.06715751522042
554,0.156553702856741,-2.01123345068794,0.106107482556596,-2.0436809155868
555,0.0821141210663437,-2.02869444087003,0.0642802414028541,-2.04978806577479
556,0.0940872903744016,-2.0193229176697,0.113679593980697,-2.00873890358697
557,0.0336918979442356,-2.04812617360706,0.0370667235546607,-2.03032348923917
558,0.0744932635255793,-2.03199585258623,0.0871167998278903,-1.96806320307986
559,0.0564350846116546,-2.02825982614014,0.0135975747360925,-1.98730372180004
560,0.0370912606978798,-2.02893205319203,0.173789641127599,-2.03746853055942
561,-0.0048570809546039,-2.0081612408601,-0.0539296755317814,-2.01695651010071
562,0.0401654913865121,-2.05683496837611,-0.00595927831696545,-2.02976424755629
563,0.0436242280137184,-2.05943436170418,0.0124321241622706,-2.10092270118024
564,0.0795691308455157,-2.05241227805314,0.021281141398982,-1.93142613442491
565,0.100050381650216,-2.04733663706803,0.0518734269258963,-2.01152648307273
566,0.0661247157138952,-2.00912932111697,0.00601813753220297,-2.13979069285084
567,0.116564611005643,-1.99813084957053,0.0133892989288918,-2.01821395565967
568,-0.0141051973407598,-2.03440980933841,0.0159851368187581,-2.03647832254796
569,0.17883796205463,-2.01858202629711,0.0395360352052943,-2.02247058878559
570,0.0638321717110552,-2.04007072222569,0.0760563093385349,-2.01293479497856
571,0.0169553516774554,-2.04178794332634,0.169633471681349,-1.96767547384848
572,0.0965185633294143,-2.0869052220209,0.0495014892990957,-2.00208366337803
573,0.149124045512645,-2.00245647760662,0.0454043486874425,-2.01014173625574
574,0.0825933621562664,-2.11132544264246,0.0869174174311304,-2.0425488004599
575,0.0044690906316613,-2.05118214763234,0.0202633755209451,-2.06012177571764
576,0.0966710557934699,-2.02443834808658,0.0566490751110837,-2.02436752397952
577,0.065131993615717,-2.00955964697793,-0.0125555143692512,-2.05735069965845
578,-0.0302644935928547,-2.01210359211809,0.0531447243522769,-2.04750286325369
579,0.166071322773133,-2.0217965566686,0.0119763197391853,-2.0566404737079
580,0.0319721048820619,-2.01631894035447,-0.0315675095682987,-2.03767172565036
581,0.164974666991165,-2.02228091940968,0.158819362955933,-2.01908029113675
582,0.0109774000835136,-2.10103802577976,-0.0293505063871989,-2.01428138136975
583,0.116372887379708,-2.08076157515874,-0.131822140394439,-2.05204348725797
584,0.0108268073605372,-2.02700325976367,0.0120570070923088,-2.00971696620834
585,-0.0655756097302248,-2.0513692887434,0.118212360697333,-2.04760834597645
586,0.14276414139035,-2.03594215393187,0.169128129280007,-2.10495964819457
587,0.173635116254792,-1.99049312180487,0.048858574243688,-2.04722192460613
588,0.057783914109635,-1.99674701888868,0.0513597278644275,-2.04936699283533
589,0.0538792478339961,-2.05567436541784,0.115704134368001,-2.02320127334153
590,0.0268584545305529,-2.04534549612425,0.034610853638654,-2.07531296803099
591,0.105904996961976,-2.0818090691631,0.0189322114503108,-2.0164782386232
592,0.00989382471812095,-2.06740628797634,0.103941086715101,-2.05384247440924
593,-0.0299358173761196,-2.03721140696608,0.0470455975198487,-2.00540488273023
594,0.0303935873121412,-1.99891782336534,-0.0612242657199126,-2.04133671114048
595,0.0607510513892217,-1.98030125823346,0.00173868041354074,-2.04369940722772
596,-0.0513426488654766,-2.05212954797556,0.0455959519535834,-2.02026597505009
597,0.0912490045271186,-2.0123253532824,0.0391119118488518,-2.06936667731211
598,0.0527248274570379,-2.0386580691806,0.0877433932064916,-2.03523788100253
599,-0.0180429056542167,-2.01154962204865,0.0552269245536897,-2.08749293094727
600,0.0974503818074107,-2.02502939341507,0.160912063391821,-2.06230548353697
601,0.101686193103508,-2.0020766319076,-0.00130655407489305,-2.08025243655666
602,-0.143200857707874,-2.03126947163247,-0.0350544763821229,-2.02510736816638
603,0.0686063268025329,-2.04544882632895,0.0949331930981555,-2.06324451311316
604,0.108736084887666,-1.99716343740213,0.135011359590136,-2.00905652002034
605,0.0369090405949368,-2.06117690807144,-0.0255788545628477,-2.02156970606198
606,0.0488361794986949,-2.04701575179909,0.0395802541087857,-2.0783847659183
607,0.0758035606828019,-1.98336208838756,0.117527030034405,-1.99148278922618
608,0.0684237581724149,-1.99420735361853,0.0937423148248809,-2.04339773236914
609,0.0619365302203525,-2.04971141403195,0.12714093021873,-2.02974916933399
610,0.15652331020222,-2.09711909712914,0.0142020852241261,-2.08204496767238
611,0.109132879058871,-2.05314008977276,-0.0185153668661143,-2.02144776715532
612,0.00211459425937698,-2.04939926893961,0.0409861931303116,-1.98461348220103
613,0.166639610272216,-2.059541806634,0.104821771957901,-2.04267605624472
614,0.00426537414570809,-2.04852371069859,0.0774036887736452,-2.03379299283334
615,-0.0114984202412521,-1.95388994601308,0.150575713745381,-1.99770233494805
616,0.0278182292951961,-2.00836652189651,0.0396007416508593,-2.01758389393017
617,0.0158926465251233,-2.0663021464822,-0.0628948741988378,-2.0858674318737
618,0.074356686994046,-2.07973839053107,0.0765137787715072,-2.07097487754292
619,0.123603311353487,-2.07159888078386,0.0700796971136059,-1.99501864417857
620,0.0147178111124646,-2.10344052829395,0.071914049457402,-2.03522606717677
621,0.0381900439625276,-2.03126875212243,-0.0735198898760036,-1.99581924144964
622,0.110343176100133,-2.05137179243293,0.0963245344268219,-1.98954863087696
623,0.112381379385959,-2.03801317862032,-0.0185212762249274,-2.03759999074582
624,0.159496175538776,-2.0288384718664,-0.0114415060429872,-2.03831625612713
625,0.0580679115702084,-2.08074692624343,0.106419415830457,-2.04216185558677
626,0.0289389917445748,-2.06841869282494,0.0579249765676255,-2.00251387657142
627,0.00724367349780177,-2.06902325149351,0.0242624727481113,-2.05502927085531
628,0.154029776412096,-2.01597887110048,0.0312167037796408,-2.01793618361985
629,0.0839144847176978,-1.99348519096195,-0.0220301836095469,-2.08856870720316
630,-0.0119886421176263,-2.10072702809172,-0.0268888674919646,-2.03523941144001
631,0.124117003202039,-2.01105128397356,0.0511074307519188,-2.01658813341464
632,0.165288368359782,-2.04284711152599,0.0789811978436006,-2.0448248939418
633,0.0899101649241124,-2.07327133725562,0.0128259528305805,-1.97466753156557
634,0.0611023748855953,-2.00050519645201,-0.076150627234235,-2.09189837491973
635,-0.0164531999885146,-2.10730573854843,0.0632065437417538,-2.06255420749656
636,-0.0563630252075397,-2.04426033863566,0.0333941283756222,-2.06689841841024
637,0.125051592055339,-2.07935215867054,-0.0420013134762402,-2.05657234001408
638,-0.0136613254500762,-2.03213876246888,-0.0328119906417336,-2.05407593983055
639,0.144760150536599,-2.07051455936143,0.109423323156333,-2.04100713580544
640,0.114563275832962,-2.1009488530901,0.0126080539223719,-2.05293508601399
641,0.0317795602603561,-2.05871580387623,0.00203276994436384,-2.0307253614181
642,-0.0358583664495179,-2.04599902307295,-0.0432385115158801,-2.0174472505073
643,0.0651880336047715,-2.02663088040142,-0.0186293973034222,-2.01195126533551
644,0.0523386933245073,-2.0598018573112,0.00394272500201949,-2.02867298205525
645,0.0761840376742291,-2.03181090637558,0.0272601086345269,-2.02825372932995
646,0.0755322268505031,-2.08336835250168,-0.0225163271429595,-2.0475550392499
647,0.0802849110878362,-1.99447159433471,0.0346842515296424,-2.06560487496101
648,0.00608443669391874,-2.04188465621388,-0.00271963273996661,-1.98470091211475
649,-0.000864597547507305,-1.98808045221588,0.0390737564057941,-2.08945505403327
650,0.0410889321523597,-1.99405283872557,0.0771069738149472,-1.96787107291363
651,-0.0834716012835933,-2.02808270569608,0.0362570637077205,-2.0644765507478
652,0.0603226789857445,-2.07123287931606,-0.0525823474367284,-2.01473955177978
653,0.117294693148339,-2.05898165759204,-0.115089706022587,-2.02712622388288
654,0.0588965204883861,-2.09110991003199,-0.0394279134648758,-2.05533851686728
655,0.106191205835626,-2.05942411321761,-0.0327108581144121,-1.98608161271627
656,0.0412514295851515,-2.02597401454422,0.0759773010342604,-1.96971291610684
657,-0.0244239790131068,-2.0379237602805,0.0408365574506585,-2.01973855900975
658,0.0691701698389272,-2.03828389088156,0.0902828160948204,-2.04931373910131
659,0.109778121693654,-2.06973913857206,-0.0682127527530844,-2.07541569900932
660,0.0440450008770803,-2.04563988578456,-0.062297899024648,-2.01367276463845
661,0.043753332185499,-2.05618433647359,0.0866754968729272,-2.02541271485712
662,0.0975105187393834,-2.03119549281437,0.0957124781647427,-2.0056625347907
663,0.0709455217817555,-1.99467319485219,0.0664278333380266,-2.06743328418213
664,0.0624297200893347,-2.06547653209668,0.0443347806119368,-1.99770405664758
665,-0.0329815389770525,-2.04550935524496,0.138482792622221,-2.03012239766604
666,0.104310973445191,-2.02719299774202,0.121111796314696,-1.94916851916078
667,-0.0434538446717388,-2.00641898066742,-0.0210026192711906,-2.07143357867486
668,0.00553353204654547,-2.0284134954615,0.12967996827534,-1.95872295249854
669,0.0890311748031768,-2.10403015368839,-0.0321760430579577,-1.99582880832451
670,-0.0048083445242058,-1.96924576804408,0.058161098813845,-2.00897520973394
671,0.0195634443735872,-2.00841974158796,0.0429184332927001,-2.1275566106235
672,-0.0257208920798975,-2.01207447036925,0.123745999076202,-2.01994822764774
673,0.105991012729684,-1.97855487475246,-0.0134776542858676,-2.03093223288662
674,0.0354379195203913,-2.03141997509521,0.120342005149367,-1.95507043568092
675,0.187293724107687,-2.02062449032099,0.0456302898735453,-2.01357643083503
676,0.0434761186664343,-2.06212879169241,0.12475630345137,-2.02793681610245
677,-0.0191842879979292,-2.01041744927467,0.0875643203182571,-2.02090897960093
678,-0.010937041541796,-1.97011480898836,0.116561679642997,-2.05691355226937
679,0.0417953215302574,-2.038435084161,0.0544915677366233,-2.04872040022201
680,-0.00698940659932988,-2.07779586313775,-0.0130960303243901,-2.00145505954207
681,0.0628135377358389,-1.98403094691154,0.0835344987161884,-2.07958347757321
682,-0.062444062941064,-2.0444302886619,0.113806339194302,-2.02320635590112
683,0.0242747454944666,-2.05176218300336,0.0738673650344461,-2.07176298058536
684,0.0816186193302288,-2.02663360539103,0.0126011105033395,-2.07756793354518
685,0.0309625879129366,-2.023938594088,0.0757434728806498,-2.02133915065512
686,0.125224268414651,-1.99234320118759,0.0776197370287137,-2.06191869020169
687,0.0279675616782651,-2.04787810203709,0.0322278782836822,-2.0233702912038
688,0.0892414288436705,-2.03179350220435,0.0918953411816287,-2.01431048228416
689,-0.0732183042774582,-2.06437082908601,0.0877418495738687,-2.0839430639222
690,-0.0261857452742767,-1.99009037276077,0.0605192635060392,-2.00387136806175
691,0.0581739264938764,-2.15504201145475,0.1197734770778,-2.02944182640889
692,0.0191772104203956,-1.99516370818599,0.0712831126742642,-2.05895552111273
693,-0.0426320970260488,-2.00384216314369,-0.050801373271224,-2.03255142669045
694,0.0954892320736254,-2.03213201994802,0.0618260087428201,-2.05232556516804
695,0.139696181097845,-2.10557371387802,0.103789626491341,-2.03833819610227
696,0.053440242628141,-2.03821478636317,-0.0531408583313749,-2.07129292648138
697,0.0772016082502863,-2.03341578405795,0.047474706912111,-2.0294277624098
698,-0.0324984793838716,-2.07105362706789,-0.018963335415475,-2.02788009056792
699,-0.0156179086644716,-1.99587184882208,0.0928173139545135,-1.98481193338378
700,0.00465642585724849,-2.01164672610784,0.00616954286319253,-2.05091089066276
701,0.0883457654832759,-2.07035035214397,-0.0805202286597233,-1.99815302566485
702,-0.0462447967504407,-1.99863754307415,0.149800016114821,-2.11179136065176
703,-0.0281950876106338,-1.95012415986279,0.0576526411381378,-1.98151449474367
704,0.0519687422343159,-2.07617296631448,-0.00420893609262696,-2.0150552508041
705,0.00379756221347685,-2.04206878218249,0.0592445697328949,-2.00805487977781
706,0.0316475583029431,-2.08095474248351,0.0910548866089542,-1.99474216076282
707,0.065131262557201,-1.98453244324409,0.0399222561533774,-1.97667780555977
708,-0.0119195853615326,-2.01390660506237,-0.050564030453568,-2.02063964569284
709,0.0270064896732697,-1.96961671784849,0.164048281996305,-2.03787432286725
710,0.035615897507597,-2.07097668886876,0.123249748933954,-1.9999128005918
711,0.0829419622935576,-2.02676650972883,0.103420852478636,-1.99771982623421
712,0.172873406361058,-2.04052084608416,-0.0432667934309909,-2.01491783550683
713,0.00996831940301542,-2.05039315685958,0.0457448187853091,-2.04854628205289
714,0.0212592067481663,-1.99440844658495,0.0504445815873853,-1.9911835396076
715,-0.000853715344482817,-2.04139973256689,0.0630742630980519,-2.08031788789808
716,0.0838476417991315,-2.0063647103256,0.0569886244816418,-2.04630494065776
717,0.0661071716416797,-2.03079583650824,0.0945426103046074,-2.04771985911292
718,0.0811435054028128,-2.11594628894229,0.0604915505565394,-2.08740295403659
719,-0.0566617903729899,-2.070369480361,-0.00345843038955403,-2.03979026967454
720,-0.0198206961435906,-1.98066160048222,0.0363033188028384,-2.02163478054182
721,0.0945730207928239,-2.05722379540716,-0.0668551328654253,-2.06079142338725
722,0.021195109399079,-2.03360922939719,0.0944458477797633,-2.09893510305392
723,0.108912923850318,-2.00008104011058,0.102150058826288,-2.08711847914439
724,0.0923782905305578,-2.05900383931527,0.105000347196628,-2.07609649550269
725,0.036216056949995,-2.06348372729885,0.0613463541589236,-2.07744221144887
726,0.0843526269855316,-2.00165456377477,0.028305461223671,-2.04276072661696
727,0.0144189860949223,-2.03976425158707,0.00642735721810758,-2.00951183245294
728,0.0306236591236373,-1.98590286885245,0.124542588399257,-2.04783205558879
729,0.144152503699201,-2.01001548561768,0.1554572479759,-2.04806922405549
730,0.114537222804505,-2.06447667958939,0.0453574669199893,-2.11773548200177
731,0.0113158768233345,-2.02453764125532,0.0291033754280752,-2.03198744602314
732,0.192827264338715,-1.98112110215877,0.0710100598861435,-1.97085818274838
733,-0.0713124211411684,-2.1027834476968,0.099101319219331,-2.05200604254698
734,0.0168385856616717,-2.01533093910336,0.0399365025571826,-2.02769197705102
735,0.0548741033826327,-2.03267803470521,0.0103727099546563,-2.02514780571736
736,-0.0223269424731929,-2.05229744552169,0.109707784427195,-2.01280283054726
737,0.0512608482672304,-2.02651975641243,0.0384745743435485,-2.03405300214614
738,0.0144294312887013,-2.06398050729816,0.062250486222912,-2.0494921961705
739,-0.00919869648344925,-2.05773683683029,0.127053764246393,-2.04300056627818
740,-0.04469052718047,-2.05921721375304,0.0580697665708753,-2.04062969156768
741,0.138606005597987,-2.01816943870889,0.0527307291224358,-2.03069400276381
742,0.044637307564893,-1.99845538176521,0.163319688029492,-2.03102246604457
743,0.0850005947938646,-2.07125657780165,0.0555286998821431,-2.02495235456578
744,0.0898599944719442,-2.11821929482329,0.109232760148437,-1.95101068310129
745,0.0320881832097904,-2.06210349352974,0.0344979525627582,-2.06600707368597
746,0.114977924007669,-2.02049042266732,0.0209427868909928,-2.07191046015021
747,0.0529393996326362,-1.99968808777949,0.0203926589023878,-2.05660804926282
748,0.0897338103778112,-2.03584225300087,-0.0395926159226892,-2.02901265640012
749,0.0951106342755583,-1.98589499833698,-0.00771468920779011,-1.97127392995264
750,0.178433462561598,-2.00013774990585,0.0217794016428828,-2.04611719448074
751,0.128001378967092,-2.01410403645468,0.0604815791591774,-2.00313277913896
752,-0.0233022221202461,-2.06199344742278,-0.019981549593939,-2.06397565109702
753,-0.0543430178024257,-2.02633368846957,0.0612778227201535,-1.98722276948385
754,0.0368431886105706,-2.0420180349846,0.0222911242199897,-2.00901912893174
755,-0.000602883475684268,-2.03311379121451,0.0440332599589546,-2.04342839544098
756,0.0890150440310361,-2.00574998375762,-0.107149687796611,-2.03262676029492
757,0.00430724647250327,-2.05253901190914,0.0853351457384817,-2.05401604905664
758,0.123127676924082,-2.0097103526495,0.153195567380757,-2.05716373741523
759,0.0517110675320591,-2.03769316751338,-0.0270045947790265,-2.04828582356845
760,0.0389273979531174,-1.99607817969046,0.0774934467029809,-2.01325934847321
761,0.0555216348418674,-2.03614069969007,0.0632759071864844,-2.01080046695866
762,0.0192945830480701,-1.99668852857269,-0.0033203778344537,-2.01304422352973
763,-0.010519891196674,-2.0241620287858,0.166466490330795,-2.00278150233896
764,-0.090188262481035,-2.04210043466539,0.0274152406647545,-2.06527056301913
765,0.156315053538688,-2.06626370474476,0.0945800744233111,-2.04184188305231
766,0.0638082205084779,-2.01048399928233,0.0266391967098458,-2.09574644399668
767,0.0302409869147866,-2.01817243279727,0.0768818723678219,-2.05222057179401
768,-0.00217557441181046,-2.01485543792501,0.00633393102706977,-2.04590002027666
769,0.0523145646255203,-2.07839859542314,0.0315789365362828,-1.91950746291461
770,0.137426193437676,-1.97837423839477,0.0542343749771182,-2.04354154319077
771,0.164998339076546,-2.02161235425556,0.0981730912438987,-2.03231198633496
772,-0.000612993238586475,-2.05843916930293,0.0811399828976896,-2.08578484158916
773,0.166292929075475,-2.06881849302235,0.0549030723135685,-2.05696540304024
774,0.0525384528858616,-2.04681594208992,0.0169150363996207,-2.00934953416159
775,-0.0330391129699786,-1.98409528590215,0.0184333648116164,-2.04512643842045
776,0.104218343486801,-1.96686836685061,0.140276307325986,-2.02203194966821
777,0.0212531759169762,-1.954412863529,-0.0731634874573551,-2.05612736334417
778,0.0332732172652776,-2.03521254052977,0.0527136139455288,-2.00043067095486
779,0.0132329226955254,-1.98165407390125,0.101303752789541,-2.0455367563174
780,0.0090555678187602,-2.02348898927409,0.00358847461301981,-2.05201646437587
781,-0.0146509867126437,-2.04148941792236,-0.0564878021437178,-2.01051626473069
782,0.216967631614003,-2.07521129875205,-0.0377047281232335,-1.94962032561418
783,-0.0876265624455991,-2.05633653320764,0.106198157959463,-2.03569548199672
784,0.120252158342192,-2.03597354343724,0.0554498739213199,-2.02485974532998
785,0.0521928134517635,-1.98242800582152,-0.0795314818236119,-2.0641062896669
786,0.109827947668057,-2.05161382608988,0.0441743361657994,-2.05535626420039
787,0.0661116128903133,-2.06659326853892,0.0890459970694379,-2.04998501238942
788,0.0639911938578545,-1.99933868012538,0.0928458191884707,-2.03470573525743
789,0.127852945027947,-1.99362427144469,-0.0161337764903327,-2.04311781383141
790,-0.0342999906813379,-2.03897127861047,0.0990095784866804,-2.05354979973024
791,0.0215467391790802,-1.99491593778124,0.111929310772979,-2.03213446354566
792,0.0598658430568516,-1.99680201216922,0.0767266303014623,-2.04232136648817
793,-0.0221310037596262,-1.98793145002208,-0.0845230661763169,-2.05927579384444
794,0.0849219755004843,-2.02816187113899,0.0669341876183547,-2.09109486109017
795,0.0919929891509862,-1.99246510710068,0.0336716357412532,-2.06007124017392
796,-0.0661016375909542,-2.01038429146954,0.0653806698711294,-2.10307826032303
797,0.0788872664445608,-2.00116501148089,0.0735867503951481,-2.01606300536993
798,0.0570003229195614,-1.99265710347476,0.00663128452190718,-2.06143887206904
799,-0.0638915899123192,-2.03788798619463,0.0841708823944766,-2.057922760088
800,0.0914207578303881,-2.09312657790699,-0.0386343314030487,-2.01612013592272
801,0.0365647472661223,-2.01424656805229,0.0482410090444244,-2.05583671852008
802,0.00687650698132871,-1.93283984992977,0.130139821800744,-2.0822802552328
803,0.130708989827061,-2.03469508224992,-0.0316747833668443,-2.06049986721844
804,0.0224942096739344,-2.05518870608869,0.0263468022084794,-2.05823191303214
805,0.0138158464656058,-2.02483825016819,0.0526961557799597,-2.035435893833
806,-0.101704281888437,-2.03697055297432,0.0605378352076812,-1.98400340033374
807,0.0956447386977486,-2.02661786129958,0.0969238761133409,-2.03111607535456
808,0.0252415338447715,-2.03729912657031,0.104433441077861,-1.98534916503535
809,-0.0305505549956491,-2.01702736222727,0.0302416668716375,-2.0670511051864
810,-0.000149607160198954,-2.07237141793075,0.0135357753046945,-2.1131008269199
811,0.0652837174053024,-1.96757447485241,0.115012921574256,-2.06198307577848
812,0.0989753730786991,-2.00971716367034,0.085997780997694,-2.0162023460007
813,-0.0188887196634813,-1.99561682940429,0.00722229695699334,-2.04471357260124
814,0.0623713374465317,-2.04790077421909,-0.0275729827355891,-2.04237479787245
815,0.0729570407383849,-2.06748643471429,-0.0150129804225317,-2.05006591171543
816,0.0731536973491198,-1.98088256479369,0.0284961711479971,-2.02734319718436
817,0.0994641331431041,-2.05962998198787,0.0464382324922244,-2.10714827416985
818,-0.0845170169954564,-2.04388989309068,0.0524336647269242,-2.02291349432616
819,0.053892149962283,-1.99491113212624,-0.0156083386084124,-2.089440404932
820,0.0629615805408397,-2.01250519880536,-0.0820421102099686,-2.05641416577786
821,-0.058819017628843,-2.03741926836077,-0.0389037000034692,-1.99406253354729
822,-0.00497845919182352,-2.09792234963523,0.0834720660058056,-2.05195632263176
823,0.0299720437033949,-2.05239190933002,0.185135433773985,-2.0551430006836
824,0.0408054957389391,-1.98521689679881,0.0173166808507016,-1.99207486822357
825,0.0723995672484288,-1.99450947365001,0.137854660246895,-2.04059830524712
826,0.0832033315154333,-2.05881616351759,-0.0438072956626399,-2.04104738365951
827,-0.100484830126129,-2.03265218851783,0.0911951081435597,-2.07466987429419
828,0.0476362979901708,-2.04053291392266,0.0143455510622337,-2.0452012638914
829,0.0385240771778807,-2.05964092570025,0.0556858269085428,-2.05713689886626
830,0.106730614436294,-2.04031202913824,0.0991522236348296,-2.08384484595855
831,0.0392403257105157,-2.05193840161805,0.0832100269045349,-2.0375136047534
832,0.0729538314877807,-2.02000948077855,0.0205309337046098,-1.98464227894893
833,0.0890918944096768,-2.0132314246936,0.163979943911109,-2.03170356687993
834,0.0622695547259696,-2.01862847604944,0.0959575646760416,-2.03685317247951
835,0.117486778248559,-2.00924970527286,0.032148077780456,-2.03397131886454
836,0.14539672125648,-2.03269312117726,0.0760292354753515,-2.02629472254675
837,0.132461337406431,-2.01253017774395,0.0182801904216145,-2.06444576165327
838,-0.0222859457820358,-2.06722693381348,0.168910888009485,-2.06608023997207
839,0.0422552871309962,-2.07058887696162,0.10451547293867,-2.01198306473382
840,0.0241098296041624,-2.06261805744899,-0.0384747065732688,-1.97836556402525
841,0.0765754674511808,-2.04122973879867,0.0819087897562989,-2.02717123785715
842,0.115079463819073,-2.00800686055043,-0.0715702988683944,-2.07889141565978
843,0.205124725749356,-2.06288326523952,0.0255528959459825,-2.03761659970627
844,0.0161485034887075,-2.0870771578804,0.0944897701277653,-2.01717161936448
845,0.0934059045701992,-2.07216388156482,0.146973169678877,-2.02841877729911
846,-0.0634412444775622,-2.03050776015859,0.0022017815466357,-2.05662716698829
847,-0.0669799090363596,-2.00419755891029,0.0241797595289063,-2.07004125398182
848,-0.0243168009962666,-2.05013804010334,0.0680532248643316,-2.06623072763674
849,0.0190041974025693,-2.04447848385816,-0.00145347429990651,-2.0369775542255
850,0.0889750668451646,-2.03778170440993,0.122925327481037,-2.07057177468783
851,-0.0118956710445178,-2.08101679346135,0.0459192640106047,-2.00068393842426
852,-0.00514338417448566,-2.0317478267244,0.109666947798732,-2.05354554098019
853,0.0717549152879308,-2.0696617009331,-0.00836497388365743,-2.01431502066435
854,0.0671802316246455,-2.04210116829442,0.0526231341249532,-2.0609998979345
855,0.0321745736130577,-2.0814614501608,0.224943753453991,-2.06955435038336
856,-0.0441121071207233,-2.0427242751397,-0.0390561961972089,-2.08523315784176
857,0.200651901411176,-2.09707474960146,0.112368802334559,-1.99786679678159
858,0.0309533232679125,-2.03529674682239,0.184654347927549,-2.04559680968954
859,0.0758461483580415,-2.07534057976264,0.174154222219267,-2.04241062632135
860,-0.00438557093899335,-2.07304758550836,0.074309232901056,-2.09652332440564
861,0.0655254775982225,-2.0343613439743,0.10987862309388,-2.09015137019826
862,0.0461063677796722,-2.03314526458666,0.0939568064150931,-2.02407400944418
863,0.0513817143100882,-2.01217193062305,-0.0525094978375228,-2.06004592415036
864,-0.0899089787980951,-2.04536741968356,0.054125995612906,-2.04704366037059
865,-0.00555616211948876,-2.01499897941707,0.0100635536003979,-1.97360115814608
866,0.0465774212438823,-2.05322796358055,0.0779231959566478,-2.00887750379385
867,0.0323765806091329,-2.05258534913278,0.008213848942529,-2.06141724557422
868,0.00630300401888956,-2.02664781014257,0.11712949637815,-2.07439295628724
869,-0.0411807748930334,-2.01708944592885,0.0658739339500819,-2.04167111908022
870,-0.029534562131198,-2.00594475270565,-0.0025129871462,-1.99256966749354
871,0.0288923684321723,-1.99910354099452,0.0824174125491477,-2.06037140362749
872,0.139191972367627,-2.07213588659964,0.104769810666437,-2.01051462454524
873,0.0178914224923061,-2.01674845609478,0.0534016950075455,-2.03733292611278
874,0.0681632638945151,-2.0067093947656,0.106146915196626,-2.02886385317769
875,0.105462012147174,-2.05858969723058,0.124274685236134,-2.09180251684649
876,0.0967773817259344,-1.98804618977501,0.062417100046424,-2.10228469950997
877,0.0863983553282633,-2.08007965502186,0.0397269364392916,-2.07949298228149
878,0.0029426084991234,-2.00382853918979,0.00619574942426588,-2.01623751920559
879,0.0608347203415123,-2.04441847875161,0.038122242148064,-2.06207532202034
880,0.0846571644365886,-2.0194755031254,0.0442815510039745,-2.05850137413225
881,0.101512090171218,-2.01860188115944,-0.106337968637146,-2.0349206879897
882,-0.0730918889753774,-2.05422792934609,0.0718178867970682,-2.0767596081462
883,0.0890449692290625,-2.02833033665689,0.0714736170166419,-2.02813618963428
884,0.0424073694637139,-2.04022238384624,-0.115441913965072,-1.98771732856666
885,0.0523469192530857,-2.03803492737286,0.0776269949267211,-2.02547968358249
886,-0.132753835716067,-1.97457839053758,0.036117904729758,-2.06753729179034
887,0.1623281007251,-2.00770162958938,-0.0466105528101431,-2.08539733039973
888,0.0943280686961974,-2.04412657380273,0.106101050309559,-2.0402431846262
889,0.00565281765564192,-2.11763510208853,0.0437290702934088,-2.05376357868465
890,0.130419147004597,-2.06686302473833,0.0515742490992391,-2.04807352593939
891,0.10623876604598,-2.05466529202532,0.00936296982872869,-2.03745170214874
892,0.0379156358465344,-2.05740192386362,0.0952184019881903,-2.04463878515434
893,0.0509627638246398,-2.056396514916,0.0106081350776996,-2.03821228614144
894,0.129209080684534,-2.02608625762352,0.0536663063181994,-2.03326861496174
895,0.00405856784473487,-2.09286983352684,-0.00404173404591045,-2.05752072478558
896,0.0328053379489571,-2.03597895311041,0.0774872367672798,-2.0173560869433
897,0.128177754256026,-2.02389375293379,0.106229367348248,-2.03278123706926
898,0.0934699370612,-2.03086609847072,0.0420222996843754,-2.01983245445901
899,0.108340648399381,-1.99633009823767,0.0152736612858437,-2.02558044695458
900,-0.0245972218963445,-2.01771476602853,0.0831707318921044,-2.05045274709481
901,0.0319500752657685,-2.04035257758486,0.0898575390465085,-2.03299107035318
902,0.0450123445097873,-1.99581483675061,-0.00357229664436439,-2.05037651994529
903,0.0906805196480089,-2.02142760860489,0.0966074729417221,-2.01726285962324
904,0.0238022309310235,-2.11094240521718,-0.00953355346656683,-2.07608218016688
905,0.134921685527916,-2.05293169828249,0.105315746243066,-2.01222863031529
906,-0.0660480869381513,-2.0621691602664,0.0777602719564942,-2.05179782907102
907,-0.0203915068108634,-2.05360208827001,0.0226957224705029,-2.06259271759318
908,0.0693608557132962,-2.01230396391792,0.0124967593413824,-2.03193207757571
909,0.0229831881804005,-2.04050201264038,0.125948013426944,-2.02216698264577
910,0.096275418659758,-2.06727722466383,0.131696488987356,-2.05280234597484
911,3.23620843530686e-05,-1.97945727718173,0.050827921183,-2.06050341708335
912,0.0496640620367035,-2.03315960537147,0.0088957988023838,-2.00815835465722
913,0.0831554513978086,-2.02355612473374,0.113792739045874,-2.07005484380503
914,0.116194473032389,-2.03711422129728,0.0993205799551024,-2.00859469296982
915,0.00749584686490679,-2.08325351089822,0.0629004524672523,-2.04107993810667
916,0.0375334826176575,-1.99856463755395,0.00684459461623524,-2.05527480567494
917,0.0275844929721082,-2.0504603690486,0.111124321354924,-2.06025745019461
918,-0.021506143220308,-2.05993663145783,0.0312891399817951,-2.03494422130846
919,0.119471826176397,-2.02966318202491,0.0326960857728769,-2.00804465884348
920,0.137509872898141,-2.05631461582041,0.00631065941943493,-2.02880631069715
921,-0.0110911895012825,-2.07070262092903,-0.0101584224210253,-2.03213901065615
922,0.108433249319795,-2.10379381349582,0.0978252347293338,-1.99149962913453
923,0.155649701461563,-2.03823573815091,0.0845462437833292,-2.02057734619801
924,0.125104531277658,-2.0476526423187,0.0944390359774314,-2.0339699539749
925,0.00816683413434694,-1.9938604037447,-0.0131561720438212,-2.05362282136999
926,0.0896978564841638,-1.99617772545417,0.0320359231281068,-2.02225435117175
927,-0.0641386230264913,-1.99792156705037,0.00171810970550767,-2.01495606415087
928,0.00698171798854227,-2.079021715407,0.10773714393977,-2.05415883067347
929,0.0119320305192151,-2.01479344325654,0.0333146790783452,-2.08194579980384
930,-0.0535927551398485,-1.99556558733016,0.0303861318021517,-2.04900012506548
931,0.0673856884555832,-2.03742431552211,-0.023645676353124,-2.00874246675985
932,0.0579337812363274,-2.06087134482634,0.0707307064019644,-2.03043260767845
933,0.0385855962272209,-2.04184952686981,0.119875681825532,-1.99568346827115
934,0.0204693416405523,-2.07869333262702,0.106501983523578,-2.01686892865704
935,0.0647115393901235,-2.09040131474722,0.0855371821707127,-2.09193616310192
936,0.0469746043562299,-2.05526934383989,0.0854629145626793,-2.02170304577139
937,0.07403250580638,-2.0176550235095,-0.0210537420234119,-2.06866269448601
938,0.0847408770335085,-2.02643822196766,0.143353585527235,-2.03202284628409
939,0.114169218986551,-2.02368394654615,0.0323557568600873,-2.08488631214966
940,0.00341643431397265,-2.03630844275801,0.0406835932262024,-2.08350367468905
941,0.086750917644103,-2.00812521132178,0.035041614504414,-1.98757818702944
942,0.032449691233854,-2.03289019293748,0.0349428945792462,-2.07017267428647
943,0.0450010657052914,-2.02253322826976,0.0910301188907815,-2.03634002073337
944,0.0441840525369485,-2.06633902824288,0.0779079706321902,-1.98763604127973
945,-0.0820882184160861,-2.00591608938878,0.16170810184978,-2.03351561023139
946,0.00977053326849995,-2.03659216798512,-0.0264461848151514,-2.01534150279972
947,0.123897055149982,-2.01961710726947,0.0660549302141776,-2.0185871739224
948,0.0803590695573275,-2.04516061288197,0.0481349088106902,-2.08518651622288
949,-0.034494513584477,-2.08736308671893,-0.00536511748004185,-2.02575623630094
950,0.0788617217317992,-2.05893031768512,-0.00833793760743685,-2.00429289223485
951,-0.0284531620497738,-2.04130096260587,0.00877433812218329,-2.08177151420004
952,0.0392739966032026,-2.03651738557269,-0.0343781966471677,-2.00145961738153
953,0.00684312605067996,-2.04651625450914,-0.026498853714603,-2.03624151821825
954,0.0448962990338672,-2.04431688535582,0.0398838078732579,-2.07577066344222
955,0.120754587211389,-2.02549076454734,-0.0043622367624543,-2.06073133717055
956,0.0236514480432031,-2.08134022993831,-0.0137527518785588,-2.0257162319293
957,0.0923641232561011,-2.08281716568103,0.0920536072942893,-2.03812255725163
958,0.0864685597253543,-2.11127137118371,0.113314158585338,-2.04687788552408
959,0.0871464174927283,-2.06759515166406,-0.0177418666383168,-2.02171121035578
960,0.00731407544732109,-2.06569242184358,0.00455503648297018,-2.05728869306963
961,0.0376030150161897,-2.07838006166133,0.056824162741754,-2.03722357745342
962,0.143389136788216,-2.04363466815922,0.0970110554928594,-2.03683066799903
963,0.0481964069540089,-1.99981067075107,0.0996008267263459,-2.06440675129351
964,0.0197170366927447,-2.03478855681397,0.130442985383524,-2.03565406821044
965,0.0861655091949854,-2.04176410367148,0.0224698669720946,-2.00457894201895
966,0.117865237654274,-2.07295549774972,-0.0549691976896632,-2.04674784325846
967,0.0519818707412433,-2.04456664747597,0.0323665808920202,-2.03334474891661
968,0.091754366184288,-2.09116658663052,-0.0633277968121071,-2.05866774206913
969,0.129538760863546,-2.00606901851835,0.0862741811321502,-1.99880576332418
970,0.0532605151593284,-2.0633838071951,0.0424167885833294,-1.98322487232792
971,0.0107279207681141,-2.06920304995653,0.0585412565057188,-2.10672255531813
972,0.0448410301723717,-2.0583038901605,0.131451343499943,-1.99033672817493
973,0.067517452918988,-2.01431357782299,0.0588932552180326,-2.03180106912283
974,0.0708256588593612,-1.9715711414218,0.0546691016475261,-2.03712710516466
975,-0.0216963319778091,-2.05762468012903,0.0749460690516111,-1.97585832675827
976,-0.0159465780669992,-2.11501777927022,0.0539472417976829,-2.09246100556303
977,0.108712413336778,-2.02629313014256,0.0353558025341814,-2.03210663123932
978,-0.0417623751887713,-2.08883708217763,-0.000195232105746099,-2.06444495600187
979,0.0812643071635045,-1.9906447317724,0.0515052455159687,-1.99878706084342
980,0.0823943068757046,-2.04041678240674,0.0438118764284788,-2.07638065136586
981,0.114057338815023,-2.06501093889662,0.102231698336609,-2.03502983431429
982,-0.000945947788958326,-2.04282764692918,-0.0616594763978075,-2.04420248082832
983,0.047937990120929,-2.05537059170626,0.0908276540395815,-2.05430816815902
984,0.0221335271067817,-2.05323994951646,0.000621465476869144,-1.94506793473555
985,0.143411960780144,-2.01486900202378,0.028756382786064,-2.04134197123934
986,0.0729167036927226,-2.0682205941948,0.0424581278040581,-2.0030726511788
987,0.0356584948312754,-2.02322089426702,-0.0277048853559593,-2.05080272105873
988,-0.0418762546653082,-2.06454334032016,0.0446989155582892,-2.02722561267974
989,0.147396852300574,-2.03305764969159,0.0392217871965741,-2.06232374842501
990,0.090493224299042,-2.10118985027871,0.0623615839635811,-2.0428153249704
991,0.0829890276703703,-2.05966194769979,0.148598877986861,-2.04241708233773
992,0.0777136654397352,-2.02225470415118,0.108353861502882,-2.08831394495892
993,0.12122316425207,-2.06226217142139,0.0756180208759624,-2.00840862680532
994,0.0537248138291345,-2.03113838246829,0.12087948165429,-2.05890536926482
995,0.0740588969768122,-2.03097568845752,0.110769662863654,-2.0446643053344
996,0.031555875701352,-2.08338399651831,0.0468945102659109,-2.03881325517605
997,0.0962616948383995,-2.08180353566214,0.00255301153492328,-2.013904318562
998,0.0412532053642443,-1.98642348369422,0.137993476791913,-2.0802193553734
999,0.140354824271999,-1.99327356999901,0.0519348288626705,-2.03371689968866
1000,0.12911884661697,-2.03001942899638,0.0802077279069097,-2.02688647429892
